INSERT INTO CC_PERIMETER_TYPE (perimeterType,label) VALUES ('MONO_SITE','Périmètre monosite');
INSERT INTO CC_PERIMETER_TYPE (perimeterType,label) VALUES ('MULTI_SITE','Périmètre multisite');

INSERT INTO PA_COLLECTION_CLASS (collectionClassCode,collectionClassLabel,collectionClassDescription,processNature) VALUES ('B2B_FAST_REGULATED','Recouvrement contentieux sur créances','Client B2B - Recouvrement contentieux sur la dette du contrat - procédure réglementée','litigationRecovery');
INSERT INTO PA_COLLECTION_CLASS (collectionClassCode,collectionClassLabel,collectionClassDescription,processNature) VALUES ('B2B_NORMAL_NO_REGULATED','Recouvrement amiable sur dépôt de garantie','Client B2B - Recouvrement amiable sur un incident de paiement  - procédure non réglementée','amicableRecovery');
INSERT INTO PA_COLLECTION_CLASS (collectionClassCode,collectionClassLabel,collectionClassDescription,processNature) VALUES ('B2B_NORMAL_REGULATED','Recouvrement amiable sur créances','Client B2B - Recouvrement amiable sur la dette du contrat - procédure réglementée','amicableRecovery');
INSERT INTO PA_COLLECTION_CLASS (collectionClassCode,collectionClassLabel,collectionClassDescription,processNature) VALUES ('B2C_FAST_REGULATED','Recouvrement contentieux sur créances','Client B2C - Recouvrement contentieux sur la dette du contrat - procédure réglementée','litigationRecovery');
INSERT INTO PA_COLLECTION_CLASS (collectionClassCode,collectionClassLabel,collectionClassDescription,processNature) VALUES ('B2C_NORMAL_NO_REGULATED_CA','Recouvrement amiable sur prélèvement d''activation de contrat','Client B2C - Recouvrement amiable sur un incident de paiement  - procédure non réglementée','amicableRecovery');
INSERT INTO PA_COLLECTION_CLASS (collectionClassCode,collectionClassLabel,collectionClassDescription,processNature) VALUES ('B2C_NORMAL_NO_REGULATED_PP','Recouvrement amiable sur prépaiement','Client B2C - Recouvrement amiable sur un incident de paiement  - procédure non réglementée','amicableRecovery');
INSERT INTO PA_COLLECTION_CLASS (collectionClassCode,collectionClassLabel,collectionClassDescription,processNature) VALUES ('B2C_NORMAL_NO_REGULATED_SD','Recouvrement amiable sur dépôt de garantie','Client B2C - Recouvrement amiable sur un incident de paiement  - procédure non réglementée','amicableRecovery');
INSERT INTO PA_COLLECTION_CLASS (collectionClassCode,collectionClassLabel,collectionClassDescription,processNature) VALUES ('B2C_NORMAL_REGULATED','Recouvrement amiable sur créances','Client B2C - Recouvrement amiable sur la dette du contrat - procédure réglementée','amicableRecovery');

INSERT INTO PA_COLLECTION_CLASS_CONTROL (id,collectionClassCode,customerCategory,customerType,social,paymentMode,intermediate,debtNature,collectionMode,debtAgeThreshold,debtAmountThreshold,gracePeriod,scoreThreshold,collectionActivityType,active) VALUES (1,'B2C_NORMAL_REGULATED','customerB2C','*','N','*','*','in','DEBT',15,5.0,5,'*','B2C_REGUL_AMIABLE','Y');
INSERT INTO PA_COLLECTION_CLASS_CONTROL (id,collectionClassCode,customerCategory,customerType,social,paymentMode,intermediate,debtNature,collectionMode,debtAgeThreshold,debtAmountThreshold,gracePeriod,scoreThreshold,collectionActivityType,active) VALUES (2,'B2C_NORMAL_NO_REGULATED_PP','customerB2C','*','N','*','*','pp','PIECE',6,0.0,0,'*','B2C_NO_REGUL_AMIABLE','Y');
INSERT INTO PA_COLLECTION_CLASS_CONTROL (id,collectionClassCode,customerCategory,customerType,social,paymentMode,intermediate,debtNature,collectionMode,debtAgeThreshold,debtAmountThreshold,gracePeriod,scoreThreshold,collectionActivityType,active) VALUES (3,'B2C_NORMAL_NO_REGULATED_CA','customerB2C','*','N','*','*','contractActivation','PIECE',6,0.0,0,'*','B2C_NO_REGUL_AMIABLE','Y');
INSERT INTO PA_COLLECTION_CLASS_CONTROL (id,collectionClassCode,customerCategory,customerType,social,paymentMode,intermediate,debtNature,collectionMode,debtAgeThreshold,debtAmountThreshold,gracePeriod,scoreThreshold,collectionActivityType,active) VALUES (4,'B2C_NORMAL_NO_REGULATED_SD','customerB2C','*','N','*','*','secutityDeposit','PIECE',6,0.0,0,'*','B2C_NO_REGUL_AMIABLE','Y');
INSERT INTO PA_COLLECTION_CLASS_CONTROL (id,collectionClassCode,customerCategory,customerType,social,paymentMode,intermediate,debtNature,collectionMode,debtAgeThreshold,debtAmountThreshold,gracePeriod,scoreThreshold,collectionActivityType,active) VALUES (5,'B2B_NORMAL_REGULATED','customerB2B','professional','N','*','*','in','DEBT',15,5.0,5,'*','B2B_REGUL_AMIABLE','Y');
INSERT INTO PA_COLLECTION_CLASS_CONTROL (id,collectionClassCode,customerCategory,customerType,social,paymentMode,intermediate,debtNature,collectionMode,debtAgeThreshold,debtAmountThreshold,gracePeriod,scoreThreshold,collectionActivityType,active) VALUES (6,'B2B_NORMAL_NO_REGULATED','customerB2B','professional','N','*','*','secutityDeposit','PIECE',3,0.0,0,'*','B2B_NO_REGUL_AMIABLE','Y');
INSERT INTO PA_COLLECTION_CLASS_CONTROL (id,collectionClassCode,customerCategory,customerType,social,paymentMode,intermediate,debtNature,collectionMode,debtAgeThreshold,debtAmountThreshold,gracePeriod,scoreThreshold,collectionActivityType,active) VALUES (7,'B2C_FAST_REGULATED','customerB2C','individual','N','*','*','in','DEBT',40,5.0,0,'*','B2C_REGUL_LITIGATION','Y');
INSERT INTO PA_COLLECTION_CLASS_CONTROL (id,collectionClassCode,customerCategory,customerType,social,paymentMode,intermediate,debtNature,collectionMode,debtAgeThreshold,debtAmountThreshold,gracePeriod,scoreThreshold,collectionActivityType,active) VALUES (8,'B2B_FAST_REGULATED','customerB2B','professional','N','*','*','in','DEBT',40,5.0,0,'*','B2B_REGUL_LITIGATION','Y');

INSERT INTO TR_CHARACTERISTIC_TYPE (id,characteristicCategory,characteristicLabel,characteristicValueType,characteristicValueList) VALUES ('collectionClassCode','CONTRACT','Classe de recouvrement','enum','collectionClass');

INSERT INTO CC_CONTRACT_PROCESS_RULES (id,externalEventStatus,initialStatus,seller,channel,direction,serviceCategory,serviceSubCategory,customerCategory,market,finalStatus,activityType) VALUES (1,'effective','initialized','*','*','*','*','*','*','*','toInstall','CONTRACT_INSTALLATION');
INSERT INTO CC_CONTRACT_PROCESS_RULES (id,externalEventStatus,initialStatus,seller,channel,direction,serviceCategory,serviceSubCategory,customerCategory,market,finalStatus,activityType) VALUES (2,'effective','waiting','*','*','*','*','*','*','*','toInstall','CONTRACT_INSTALLATION');
INSERT INTO CC_CONTRACT_PROCESS_RULES (id,externalEventStatus,initialStatus,seller,channel,direction,serviceCategory,serviceSubCategory,customerCategory,market,finalStatus,activityType) VALUES (3,'effective','waiting-14d','*','*','*','*','*','*','*','toInstall','CONTRACT_INSTALLATION');
INSERT INTO CC_CONTRACT_PROCESS_RULES (id,externalEventStatus,initialStatus,seller,channel,direction,serviceCategory,serviceSubCategory,customerCategory,market,finalStatus,activityType) VALUES (4,'abandoned','initialized','*','*','*','*','*','*','*','abandoned',null);
INSERT INTO CC_CONTRACT_PROCESS_RULES (id,externalEventStatus,initialStatus,seller,channel,direction,serviceCategory,serviceSubCategory,customerCategory,market,finalStatus,activityType) VALUES (5,'abandoned','waiting','*','*','*','*','*','*','*','abandoned',null);
INSERT INTO CC_CONTRACT_PROCESS_RULES (id,externalEventStatus,initialStatus,seller,channel,direction,serviceCategory,serviceSubCategory,customerCategory,market,finalStatus,activityType) VALUES (6,'abandoned','waiting-14d','*','*','*','*','*','*','*','abandoned',null);
INSERT INTO CC_CONTRACT_PROCESS_RULES (id,externalEventStatus,initialStatus,seller,channel,direction,serviceCategory,serviceSubCategory,customerCategory,market,finalStatus,activityType) VALUES (7,'initialized','','*','*','*','*','*','*','*','initialized','CONTRACT_STARTING');
INSERT INTO CC_CONTRACT_PROCESS_RULES (id,externalEventStatus,initialStatus,seller,channel,direction,serviceCategory,serviceSubCategory,customerCategory,market,finalStatus,activityType) VALUES (8,'waiting','','*','*','*','*','*','*','*','waiting','CONTRACT_STARTING');
INSERT INTO CC_CONTRACT_PROCESS_RULES (id,externalEventStatus,initialStatus,seller,channel,direction,serviceCategory,serviceSubCategory,customerCategory,market,finalStatus,activityType) VALUES (9,'waiting-14d','','*','*','*','*','*','*','*','waiting-14d','CONTRACT_STARTING');
INSERT INTO CC_CONTRACT_PROCESS_RULES (id,externalEventStatus,initialStatus,seller,channel,direction,serviceCategory,serviceSubCategory,customerCategory,market,finalStatus,activityType) VALUES (10,'effective','toInstall','*','*','*','*','*','*','*','installed','GET_FIRST_METER_READ');
INSERT INTO CC_CONTRACT_PROCESS_RULES (id,externalEventStatus,initialStatus,seller,channel,direction,serviceCategory,serviceSubCategory,customerCategory,market,finalStatus,activityType) VALUES (11,'effective','installed','*','*','*','*','*','*','*','effective',null);
INSERT INTO CC_CONTRACT_PROCESS_RULES (id,externalEventStatus,initialStatus,seller,channel,direction,serviceCategory,serviceSubCategory,customerCategory,market,finalStatus,activityType) VALUES (12,'installed','toInstall','*','*','*','*','*','*','*','installed','GET_FIRST_METER_READ');
INSERT INTO CC_CONTRACT_PROCESS_RULES (id,externalEventStatus,initialStatus,seller,channel,direction,serviceCategory,serviceSubCategory,customerCategory,market,finalStatus,activityType) VALUES (13,'effective','','*','*','*','*','*','customerB2B','*','effective',null);
INSERT INTO CC_CONTRACT_PROCESS_RULES (id,externalEventStatus,initialStatus,seller,channel,direction,serviceCategory,serviceSubCategory,customerCategory,market,finalStatus,activityType) VALUES (14,'effective','abandoned','*','*','*','*','*','*','*','toInstall','CONTRACT_INSTALLATION');

INSERT INTO TR_LAUNCHER_TAG_TYPE (launcherTagType,rank,defaultLabel,standardLabel,otherLabel,executionMode,synchronous,packetSize,active) VALUES ('UPDATE_CONTRACT_STATUS',1,'Mise à jour status contrat',null,null,'eventManager',true,10,true);
INSERT INTO TR_LAUNCHER_TAG_TYPE (launcherTagType,rank,defaultLabel,standardLabel,otherLabel,executionMode,synchronous,packetSize,active) VALUES ('UPDATE_HGZ_CONTRACT_STATUS',2,'Mise à jour status contrat dans HGZ',null,null,'eventManager',true,10,true);
INSERT INTO TR_LAUNCHER_TAG_TYPE (launcherTagType,rank,defaultLabel,standardLabel,otherLabel,executionMode,synchronous,packetSize,active) VALUES ('ADJUSTING_CONTRACT_START_DATE',3,'Mise à jour date de début du contrat',null,null,'eventManager',true,10,true);
INSERT INTO TR_LAUNCHER_TAG_TYPE (launcherTagType,rank,defaultLabel,standardLabel,otherLabel,executionMode,synchronous,packetSize,active) VALUES ('UPDATE_MASTER_DATA',4,'Mise à jour des configuration POS',null,null,'eventManager',true,10,false);
INSERT INTO TR_LAUNCHER_TAG_TYPE (launcherTagType,rank,defaultLabel,standardLabel,otherLabel,executionMode,synchronous,packetSize,active) VALUES ('TOS_INSTALLATION',5,'Installation des termes de services',null,null,'eventManager',true,10,true);
INSERT INTO TR_LAUNCHER_TAG_TYPE (launcherTagType,rank,defaultLabel,standardLabel,otherLabel,executionMode,synchronous,packetSize,active) VALUES ('RETRIEVE_METER_READ',6,'Récupération relevé de consommation',null,null,'eventManager',true,10,false);
INSERT INTO TR_LAUNCHER_TAG_TYPE (launcherTagType,rank,defaultLabel,standardLabel,otherLabel,executionMode,synchronous,packetSize,active) VALUES ('ADJUSTING_CONTRACT_END_DATE',7,'Mise à jour date de fin du contrat',null,null,'eventManager',true,10,false);
INSERT INTO TR_LAUNCHER_TAG_TYPE (launcherTagType,rank,defaultLabel,standardLabel,otherLabel,executionMode,synchronous,packetSize,active) VALUES ('TOS_TERMINATION',8,'Fermeture des termes de services',null,null,'eventManager',true,10,true);

INSERT INTO CC_EVENT_TEMPLATE (eventType,defaultLabel,defaultExecutionMode,category,subCategory,launcherTag,defaultStatus,action,defaultHolder,"group",subGroup,triggerDateMode,periodSystem,standardLabel,otherLabel,recurrencePeriod,recurrencePeriodType) VALUES ('AMICABLE_CALL','Appel amiable - incident de paiement','MANUAL','COLLECTION','AMICABLE',null,'pending','','ADMIN','','','office','calendar',null,null,1,'DAY');
INSERT INTO CC_EVENT_TEMPLATE (eventType,defaultLabel,defaultExecutionMode,category,subCategory,launcherTag,defaultStatus,action,defaultHolder,"group",subGroup,triggerDateMode,periodSystem,standardLabel,otherLabel,recurrencePeriod,recurrencePeriodType) VALUES ('B2B_CUT_PROCESS','Coupure - client B2B','MANUAL','COLLECTION','LITIGATION',null,'pending','','ADMIN','','','office','calendar',null,null,1,'DAY');
INSERT INTO CC_EVENT_TEMPLATE (eventType,defaultLabel,defaultExecutionMode,category,subCategory,launcherTag,defaultStatus,action,defaultHolder,"group",subGroup,triggerDateMode,periodSystem,standardLabel,otherLabel,recurrencePeriod,recurrencePeriodType) VALUES ('B2B_REFER_TO_COLLECTION_AGENCY','Transfert en agence de recouvrement - client B2B','MANUAL','COLLECTION','LITIGATION',null,'pending','','ADMIN','','','office','calendar',null,null,1,'DAY');
INSERT INTO CC_EVENT_TEMPLATE (eventType,defaultLabel,defaultExecutionMode,category,subCategory,launcherTag,defaultStatus,action,defaultHolder,"group",subGroup,triggerDateMode,periodSystem,standardLabel,otherLabel,recurrencePeriod,recurrencePeriodType) VALUES ('B2C_CUT_PROCESS','Coupure/Limitation  - client B2C','MANUAL','COLLECTION','LITIGATION',null,'pending','','ADMIN','','','office','calendar',null,null,1,'DAY');
INSERT INTO CC_EVENT_TEMPLATE (eventType,defaultLabel,defaultExecutionMode,category,subCategory,launcherTag,defaultStatus,action,defaultHolder,"group",subGroup,triggerDateMode,periodSystem,standardLabel,otherLabel,recurrencePeriod,recurrencePeriodType) VALUES ('B2C_REFER_TO_COLLECTION_AGENCY','Transfert en agence de recouvrement - client B2C','MANUAL','COLLECTION','LITIGATION',null,'pending','','ADMIN','','','office','calendar',null,null,1,'DAY');
INSERT INTO CC_EVENT_TEMPLATE (eventType,defaultLabel,defaultExecutionMode,category,subCategory,launcherTag,defaultStatus,action,defaultHolder,"group",subGroup,triggerDateMode,periodSystem,standardLabel,otherLabel,recurrencePeriod,recurrencePeriodType) VALUES ('BILL_GENERATION','Générer une facture de régularisation','MANUAL','COLLECTION','AMICABLE',null,'pending','','ADMIN','','','office','calendar',null,null,1,'DAY');
INSERT INTO CC_EVENT_TEMPLATE (eventType,defaultLabel,defaultExecutionMode,category,subCategory,launcherTag,defaultStatus,action,defaultHolder,"group",subGroup,triggerDateMode,periodSystem,standardLabel,otherLabel,recurrencePeriod,recurrencePeriodType) VALUES ('COLLECTION_AGENCY_CALL','Appel amiable via agence de recouvrement - incident de paiement','MANUAL','COLLECTION','AMICABLE',null,'pending','','ADMIN','','','office','calendar',null,null,1,'DAY');
INSERT INTO CC_EVENT_TEMPLATE (eventType,defaultLabel,defaultExecutionMode,category,subCategory,launcherTag,defaultStatus,action,defaultHolder,"group",subGroup,triggerDateMode,periodSystem,standardLabel,otherLabel,recurrencePeriod,recurrencePeriodType) VALUES ('CYCLICAL_METER_READ','Récupération des relevés de consommation cycliques','AUTO','POS','METER_READ','RETRIEVE_METER_READ','pending','meterRead','ADMIN',null,null,'field','calendar',null,null,1,'DAY');
INSERT INTO CC_EVENT_TEMPLATE (eventType,defaultLabel,defaultExecutionMode,category,subCategory,launcherTag,defaultStatus,action,defaultHolder,"group",subGroup,triggerDateMode,periodSystem,standardLabel,otherLabel,recurrencePeriod,recurrencePeriodType) VALUES ('FIRST_METER_READ','Récupération des index de démarrage','AUTO','POS','METER_READ','RETRIEVE_METER_READ','pending','meterRead','ADMIN',null,null,'field','calendar',null,null,1,'DAY');
INSERT INTO CC_EVENT_TEMPLATE (eventType,defaultLabel,defaultExecutionMode,category,subCategory,launcherTag,defaultStatus,action,defaultHolder,"group",subGroup,triggerDateMode,periodSystem,standardLabel,otherLabel,recurrencePeriod,recurrencePeriodType) VALUES ('SEND_B2B_AMICABLE_LETTER_1','1er lettre de relance - client B2B','MANUAL','COLLECTION','AMICABLE',null,'pending','','ADMIN','','','office','calendar',null,null,1,'DAY');
INSERT INTO CC_EVENT_TEMPLATE (eventType,defaultLabel,defaultExecutionMode,category,subCategory,launcherTag,defaultStatus,action,defaultHolder,"group",subGroup,triggerDateMode,periodSystem,standardLabel,otherLabel,recurrencePeriod,recurrencePeriodType) VALUES ('SEND_B2B_AMICABLE_LETTER_2','2eme lettre de relance - client B2B','MANUAL','COLLECTION','AMICABLE',null,'pending','','ADMIN','','','office','calendar',null,null,1,'DAY');
INSERT INTO CC_EVENT_TEMPLATE (eventType,defaultLabel,defaultExecutionMode,category,subCategory,launcherTag,defaultStatus,action,defaultHolder,"group",subGroup,triggerDateMode,periodSystem,standardLabel,otherLabel,recurrencePeriod,recurrencePeriodType) VALUES ('SEND_B2B_FORCEFUL_LETTER','Avis de coupure  - client B2B','MANUAL','COLLECTION','LITIGATION',null,'pending','','ADMIN','','','office','calendar',null,null,1,'DAY');
INSERT INTO CC_EVENT_TEMPLATE (eventType,defaultLabel,defaultExecutionMode,category,subCategory,launcherTag,defaultStatus,action,defaultHolder,"group",subGroup,triggerDateMode,periodSystem,standardLabel,otherLabel,recurrencePeriod,recurrencePeriodType) VALUES ('SEND_B2C_AMICABLE_LETTER_1','1er lettre de relance - client B2C','MANUAL','COLLECTION','AMICABLE',null,'pending','','ADMIN','','','office','calendar',null,null,1,'DAY');
INSERT INTO CC_EVENT_TEMPLATE (eventType,defaultLabel,defaultExecutionMode,category,subCategory,launcherTag,defaultStatus,action,defaultHolder,"group",subGroup,triggerDateMode,periodSystem,standardLabel,otherLabel,recurrencePeriod,recurrencePeriodType) VALUES ('SEND_B2C_AMICABLE_LETTER_2','2eme lettre de relance - client B2C','MANUAL','COLLECTION','AMICABLE',null,'pending','','ADMIN','','','office','calendar',null,null,1,'DAY');
INSERT INTO CC_EVENT_TEMPLATE (eventType,defaultLabel,defaultExecutionMode,category,subCategory,launcherTag,defaultStatus,action,defaultHolder,"group",subGroup,triggerDateMode,periodSystem,standardLabel,otherLabel,recurrencePeriod,recurrencePeriodType) VALUES ('SEND_B2C_FORCEFUL_LETTER','Avis de coupure  - client B2C','MANUAL','COLLECTION','LITIGATION',null,'pending','','ADMIN','','','office','calendar',null,null,1,'DAY');
INSERT INTO CC_EVENT_TEMPLATE (eventType,defaultLabel,defaultExecutionMode,category,subCategory,launcherTag,defaultStatus,action,defaultHolder,"group",subGroup,triggerDateMode,periodSystem,standardLabel,otherLabel,recurrencePeriod,recurrencePeriodType) VALUES ('TERM_OF_SERVICES_INSTALLATION','Installation des termes de services','AUTO','CONTRACT','INSTALLATION','TOS_INSTALLATION','pending','services','ADMIN',null,null,'field','calendar',null,null,1,'DAY');
INSERT INTO CC_EVENT_TEMPLATE (eventType,defaultLabel,defaultExecutionMode,category,subCategory,launcherTag,defaultStatus,action,defaultHolder,"group",subGroup,triggerDateMode,periodSystem,standardLabel,otherLabel,recurrencePeriod,recurrencePeriodType) VALUES ('TERM_OF_SERVICES_INSTALLATION_DEFAULT','Installation des termes de services par défaut','AUTO','CONTRACT','INSTALLATION','TOS_INSTALLATION','pending','default','ADMIN',null,null,'field','calendar',null,null,1,'DAY');
INSERT INTO CC_EVENT_TEMPLATE (eventType,defaultLabel,defaultExecutionMode,category,subCategory,launcherTag,defaultStatus,action,defaultHolder,"group",subGroup,triggerDateMode,periodSystem,standardLabel,otherLabel,recurrencePeriod,recurrencePeriodType) VALUES ('TERM_OF_SERVICES_TERMINATION','clôture des termes de service','AUTO','CONTRACT','TERMINATION','TOS_TERMINATION','pending',null,'ADMIN',null,null,'field','calendar',null,null,1,'DAY');
INSERT INTO CC_EVENT_TEMPLATE (eventType,defaultLabel,defaultExecutionMode,category,subCategory,launcherTag,defaultStatus,action,defaultHolder,"group",subGroup,triggerDateMode,periodSystem,standardLabel,otherLabel,recurrencePeriod,recurrencePeriodType) VALUES ('UPDATE_CONTRACT_STATUS','Mis à jour du statut du contrat (générique)','AUTO','CONTRACT','INSTALLATION','UPDATE_CONTRACT_STATUS','pending','','ADMIN',null,null,'office','calendar',null,null,6,'HOUR');
INSERT INTO CC_EVENT_TEMPLATE (eventType,defaultLabel,defaultExecutionMode,category,subCategory,launcherTag,defaultStatus,action,defaultHolder,"group",subGroup,triggerDateMode,periodSystem,standardLabel,otherLabel,recurrencePeriod,recurrencePeriodType) VALUES ('UPDATE_CONTRACT_STATUS2','Mis à jour du statut du contrat  (installé)','AUTO','CONTRACT','INSTALLATION','UPDATE_CONTRACT_STATUS','pending','installed','ADMIN',null,null,'field','calendar',null,null,1,'DAY');
INSERT INTO CC_EVENT_TEMPLATE (eventType,defaultLabel,defaultExecutionMode,category,subCategory,launcherTag,defaultStatus,action,defaultHolder,"group",subGroup,triggerDateMode,periodSystem,standardLabel,otherLabel,recurrencePeriod,recurrencePeriodType) VALUES ('UPDATE_CONTRACT_STATUS3','Mis à jour du statut du contrat  (effectif)','AUTO','CONTRACT','STARTING','UPDATE_CONTRACT_STATUS','pending','effective','ADMIN',null,null,'field','calendar',null,null,1,'DAY');
INSERT INTO CC_EVENT_TEMPLATE (eventType,defaultLabel,defaultExecutionMode,category,subCategory,launcherTag,defaultStatus,action,defaultHolder,"group",subGroup,triggerDateMode,periodSystem,standardLabel,otherLabel,recurrencePeriod,recurrencePeriodType) VALUES ('UPDATE_CONTRACT_STATUS4','Mis à jour du statut du contrat  (terminé)','AUTO','CONTRACT','TERMINATION','UPDATE_CONTRACT_STATUS','pending','terminated','ADMIN',null,null,'field','calendar',null,null,1,'DAY');
INSERT INTO CC_EVENT_TEMPLATE (eventType,defaultLabel,defaultExecutionMode,category,subCategory,launcherTag,defaultStatus,action,defaultHolder,"group",subGroup,triggerDateMode,periodSystem,standardLabel,otherLabel,recurrencePeriod,recurrencePeriodType) VALUES ('UPDATE_END_DATE_EFFECTIVE','Mis à jour de la date de fin effective du contrat','AUTO','CONTRACT','TERMINATION','ADJUSTING_CONTRACT_END_DATE','pending',null,'ADMIN',null,null,'field','calendar',null,null,1,'DAY');
INSERT INTO CC_EVENT_TEMPLATE (eventType,defaultLabel,defaultExecutionMode,category,subCategory,launcherTag,defaultStatus,action,defaultHolder,"group",subGroup,triggerDateMode,periodSystem,standardLabel,otherLabel,recurrencePeriod,recurrencePeriodType) VALUES ('UPDATE_HGZ_CONTRACT_STATUS','Mise à jour du statut contrat dans Haugazel  => initialisé','AUTO','CONTRACT','FIRST_PAYMENT','UPDATE_HGZ_CONTRACT_STATUS','pending','initialized','ADMIN',null,null,'field','calendar',null,null,1,'DAY');
INSERT INTO CC_EVENT_TEMPLATE (eventType,defaultLabel,defaultExecutionMode,category,subCategory,launcherTag,defaultStatus,action,defaultHolder,"group",subGroup,triggerDateMode,periodSystem,standardLabel,otherLabel,recurrencePeriod,recurrencePeriodType) VALUES ('UPDATE_HGZ_CONTRACT_STATUS_INCIDENT','Mise à jour du statut contrat dans Haugazel => incident','AUTO','CONTRACT','FIRST_PAYMENT','UPDATE_HGZ_CONTRACT_STATUS','pending','paymentFailure','ADMIN',null,null,'field','calendar',null,null,1,'DAY');
INSERT INTO CC_EVENT_TEMPLATE (eventType,defaultLabel,defaultExecutionMode,category,subCategory,launcherTag,defaultStatus,action,defaultHolder,"group",subGroup,triggerDateMode,periodSystem,standardLabel,otherLabel,recurrencePeriod,recurrencePeriodType) VALUES ('UPDATE_MASTER_DATA','Mis à jour de la configuration des points de service','AUTO','MARKET','GET_MASTER_DATA','UPDATE_MASTER_DATA','pending',null,'ADMIN',null,null,'field','calendar',null,null,1,'DAY');
INSERT INTO CC_EVENT_TEMPLATE (eventType,defaultLabel,defaultExecutionMode,category,subCategory,launcherTag,defaultStatus,action,defaultHolder,"group",subGroup,triggerDateMode,periodSystem,standardLabel,otherLabel,recurrencePeriod,recurrencePeriodType) VALUES ('UPDATE_START_DATE_EFFECTIVE','MAJ date debut effective du contrat','AUTO','CONTRACT','INSTALLATION','ADJUSTING_CONTRACT_START_DATE','pending',null,'ADMIN',null,null,'field','calendar',null,null,1,'DAY');

INSERT INTO CC_ACTIVITY_TYPE (activityType,defaultLabel,category,subCategory,standardLabel,otherLabel) VALUES ('B2B_NO_REGUL_AMIABLE','Recouvrement amiable sur incident','COLLECTION','AMICABLE',null,null);
INSERT INTO CC_ACTIVITY_TYPE (activityType,defaultLabel,category,subCategory,standardLabel,otherLabel) VALUES ('B2B_REGUL_AMIABLE','Recouvrement amiable sur créances','COLLECTION','AMICABLE',null,null);
INSERT INTO CC_ACTIVITY_TYPE (activityType,defaultLabel,category,subCategory,standardLabel,otherLabel) VALUES ('B2B_REGUL_LITIGATION','Recouvrement contentieux sur créances','COLLECTION','LITIGATION',null,null);
INSERT INTO CC_ACTIVITY_TYPE (activityType,defaultLabel,category,subCategory,standardLabel,otherLabel) VALUES ('B2C_NO_REGUL_AMIABLE','Recouvrement amiable sur incident','COLLECTION','AMICABLE',null,null);
INSERT INTO CC_ACTIVITY_TYPE (activityType,defaultLabel,category,subCategory,standardLabel,otherLabel) VALUES ('B2C_REGUL_AMIABLE','Recouvrement amiable sur créances','COLLECTION','AMICABLE',null,null);
INSERT INTO CC_ACTIVITY_TYPE (activityType,defaultLabel,category,subCategory,standardLabel,otherLabel) VALUES ('B2C_REGUL_LITIGATION','Recouvrement contentieux sur créances','COLLECTION','LITIGATION',null,null);
INSERT INTO CC_ACTIVITY_TYPE (activityType,defaultLabel,category,subCategory,standardLabel,otherLabel) VALUES ('CONTRACT_INSTALLATION','Procédure d''Installation des termes de services','CONTRACT','INSTALLATION',null,null);
INSERT INTO CC_ACTIVITY_TYPE (activityType,defaultLabel,category,subCategory,standardLabel,otherLabel) VALUES ('CONTRACT_STARTING','Procédure de démarrage du contrat','CONTRACT','START',null,null);
INSERT INTO CC_ACTIVITY_TYPE (activityType,defaultLabel,category,subCategory,standardLabel,otherLabel) VALUES ('CONTRACT_TERMINATION','Facture de résiliation - Mise à jour statut contrat','CONTRACT','TERMINATION',null,null);
INSERT INTO CC_ACTIVITY_TYPE (activityType,defaultLabel,category,subCategory,standardLabel,otherLabel) VALUES ('GET_FIRST_METER_READ','Récupération des index de démarrage','CONTRACT','METER_READ',null,null);
INSERT INTO CC_ACTIVITY_TYPE (activityType,defaultLabel,category,subCategory,standardLabel,otherLabel) VALUES ('GET_METER_READ','Récupération des relèves de consommation','POS','METER_READ',null,null);
INSERT INTO CC_ACTIVITY_TYPE (activityType,defaultLabel,category,subCategory,standardLabel,otherLabel) VALUES ('UPDATE_THIRD_CONTRACT_STATUS','1er paiement - Mise à jour du statut contrat dans Haugazel','CONTRACT','FIRST_PAYMENT',null,null);
INSERT INTO CC_ACTIVITY_TYPE (activityType,defaultLabel,category,subCategory,standardLabel,otherLabel) VALUES ('UPDATE_THIRD_CONTRACT_STATUS_INCIDENT','Incident 1er paiement - Mise à jour du statut contrat dans Haugazel','CONTRACT','FIRST_PAYMENT',null,null);

INSERT INTO CC_ACTIVITY_TEMPLATE (id,activityType,rank,defaultStatus,startDatePeriod,eventType) VALUES (1,'B2C_REGUL_AMIABLE',1,'pending',0,'SEND_B2C_AMICABLE_LETTER_1');
INSERT INTO CC_ACTIVITY_TEMPLATE (id,activityType,rank,defaultStatus,startDatePeriod,eventType) VALUES (2,'B2C_REGUL_AMIABLE',2,'pending',15,'SEND_B2C_AMICABLE_LETTER_2');
INSERT INTO CC_ACTIVITY_TEMPLATE (id,activityType,rank,defaultStatus,startDatePeriod,eventType) VALUES (3,'B2C_NO_REGUL_AMIABLE',1,'pending',0,'AMICABLE_CALL');
INSERT INTO CC_ACTIVITY_TEMPLATE (id,activityType,rank,defaultStatus,startDatePeriod,eventType) VALUES (4,'B2C_NO_REGUL_AMIABLE',2,'pending',6,'COLLECTION_AGENCY_CALL');
INSERT INTO CC_ACTIVITY_TEMPLATE (id,activityType,rank,defaultStatus,startDatePeriod,eventType) VALUES (5,'B2C_NO_REGUL_AMIABLE',3,'pending',6,'BILL_GENERATION');
INSERT INTO CC_ACTIVITY_TEMPLATE (id,activityType,rank,defaultStatus,startDatePeriod,eventType) VALUES (6,'B2B_REGUL_AMIABLE',1,'pending',0,'SEND_B2B_AMICABLE_LETTER_1');
INSERT INTO CC_ACTIVITY_TEMPLATE (id,activityType,rank,defaultStatus,startDatePeriod,eventType) VALUES (7,'B2B_NO_REGUL_AMIABLE',2,'pending',15,'SEND_B2B_AMICABLE_LETTER_2');
INSERT INTO CC_ACTIVITY_TEMPLATE (id,activityType,rank,defaultStatus,startDatePeriod,eventType) VALUES (8,'B2C_REGUL_LITIGATION',1,'pending',0,'SEND_B2C_FORCEFUL_LETTER');
INSERT INTO CC_ACTIVITY_TEMPLATE (id,activityType,rank,defaultStatus,startDatePeriod,eventType) VALUES (9,'B2C_REGUL_LITIGATION',2,'pending',10,'B2C_CUT_PROCESS');
INSERT INTO CC_ACTIVITY_TEMPLATE (id,activityType,rank,defaultStatus,startDatePeriod,eventType) VALUES (10,'B2C_REGUL_LITIGATION',3,'pending',0,'B2C_REFER_TO_COLLECTION_AGENCY');
INSERT INTO CC_ACTIVITY_TEMPLATE (id,activityType,rank,defaultStatus,startDatePeriod,eventType) VALUES (11,'B2C_REGUL_LITIGATION',1,'pending',0,'SEND_B2B_FORCEFUL_LETTER');
INSERT INTO CC_ACTIVITY_TEMPLATE (id,activityType,rank,defaultStatus,startDatePeriod,eventType) VALUES (12,'B2C_REGUL_LITIGATION',2,'pending',10,'B2B_CUT_PROCESS');
INSERT INTO CC_ACTIVITY_TEMPLATE (id,activityType,rank,defaultStatus,startDatePeriod,eventType) VALUES (13,'B2C_REGUL_LITIGATION',3,'pending',0,'B2B_REFER_TO_COLLECTION_AGENCY');
INSERT INTO CC_ACTIVITY_TEMPLATE (id,activityType,rank,defaultStatus,startDatePeriod,eventType) VALUES (14,'CONTRACT_STARTING',1,'pending',0,'UPDATE_CONTRACT_STATUS');
INSERT INTO CC_ACTIVITY_TEMPLATE (id,activityType,rank,defaultStatus,startDatePeriod,eventType) VALUES (15,'CONTRACT_INSTALLATION',1,'pending',0,'UPDATE_START_DATE_EFFECTIVE');
INSERT INTO CC_ACTIVITY_TEMPLATE (id,activityType,rank,defaultStatus,startDatePeriod,eventType) VALUES (16,'CONTRACT_INSTALLATION',2,'pending',0,'UPDATE_MASTER_DATA');
INSERT INTO CC_ACTIVITY_TEMPLATE (id,activityType,rank,defaultStatus,startDatePeriod,eventType) VALUES (17,'CONTRACT_INSTALLATION',4,'pending',0,'TERM_OF_SERVICES_INSTALLATION');
INSERT INTO CC_ACTIVITY_TEMPLATE (id,activityType,rank,defaultStatus,startDatePeriod,eventType) VALUES (18,'CONTRACT_INSTALLATION',5,'pending',0,'UPDATE_CONTRACT_STATUS2');
INSERT INTO CC_ACTIVITY_TEMPLATE (id,activityType,rank,defaultStatus,startDatePeriod,eventType) VALUES (24,'GET_FIRST_METER_READ',1,'pending',0,'FIRST_METER_READ');
INSERT INTO CC_ACTIVITY_TEMPLATE (id,activityType,rank,defaultStatus,startDatePeriod,eventType) VALUES (25,'GET_FIRST_METER_READ',2,'pending',0,'UPDATE_CONTRACT_STATUS3');
INSERT INTO CC_ACTIVITY_TEMPLATE (id,activityType,rank,defaultStatus,startDatePeriod,eventType) VALUES (26,'GET_METER_READ',1,'pending',1,'CYCLICAL_METER_READ');
INSERT INTO CC_ACTIVITY_TEMPLATE (id,activityType,rank,defaultStatus,startDatePeriod,eventType) VALUES (27,'UPDATE_THIRD_CONTRACT_STATUS',1,'pending',0,'UPDATE_HGZ_CONTRACT_STATUS');
INSERT INTO CC_ACTIVITY_TEMPLATE (id,activityType,rank,defaultStatus,startDatePeriod,eventType) VALUES (30,'UPDATE_THIRD_CONTRACT_STATUS_INCIDENT',1,'pending',0,'UPDATE_HGZ_CONTRACT_STATUS_INCIDENT');
INSERT INTO CC_ACTIVITY_TEMPLATE (id,activityType,rank,defaultStatus,startDatePeriod,eventType) VALUES (31,'CONTRACT_INSTALLATION',3,'pending',0,'TERM_OF_SERVICES_INSTALLATION_DEFAULT');
INSERT INTO CC_ACTIVITY_TEMPLATE (id,activityType,rank,defaultStatus,startDatePeriod,eventType) VALUES (32,'CONTRACT_TERMINATION',1,'pending',0,'UPDATE_CONTRACT_STATUS4');
INSERT INTO CC_ACTIVITY_TEMPLATE (id,activityType,rank,defaultStatus,startDatePeriod,eventType) VALUES (33,'CONTRACT_TERMINATION',2,'pending',0,'UPDATE_END_DATE_EFFECTIVE');
INSERT INTO CC_ACTIVITY_TEMPLATE (id,activityType,rank,defaultStatus,startDatePeriod,eventType) VALUES (34,'CONTRACT_TERMINATION',3,'pending',0,'TERM_OF_SERVICES_TERMINATION');
